"","first_name","last_name","gender","student_id","GPA","age","postcode","program"
"1","Rachel","Williamson","F",46313074,6.24,28,4106,"Bachelor Business Management/Arts"
"2","Rose","Hayes","F",49508639,2.65,20,4067,"Bachelor Business Management/Science"
"3","Wayne","Hansen","M",46015146,5.48,30,4065,"Bachelor Engineering /Arts"
"4","Shawn","Cox","M",47874457,4.87,32,4066,"Bachelor Business Management/Arts"
"5","Kenneth","Austin","M",36462537,3.68,22,4104,"Bachelor Science  - St Lucia"
"6","Cheryl","Mccoy","F",46877839,3.49,48,4104,"Bachelor Information Technology/Arts"
"7","Ernest","Turner","M",33195865,2.56,29,4104,"Bachelor Mathematics/Science"
"8","John","Wheeler","M",38174108,5.06,41,4105,"Bachelor Business Management/Science"
"9","Mildred","Hicks","F",43901385,5.84,41,4105,"Bachelor Arts/Social Science"
"10","Ronald","Fisher","M",37715732,5.01,26,4064,"Bachelor Arts/International Hotel and Tourism Management"
"11","Emily","Fernandez","F",42495793,3.52,35,4066,"Bachelor Science (St Lucia)"
"12","Carlos","Arnold","M",38868530,6.05,27,4102,"Bachelor Arts/International Hotel and Tourism Management"
"13","Gary","Sanders","M",42474691,5.72,27,4069,"Bachelor Business Management/Journalism"
"14","Karen","Mitchell","F",38228478,3.72,26,4103,"Bachelor Business Management/Laws"
"15","Bobby","Mendoza","M",47604082,6.01,32,4120,"Bachelor Science/Arts"
"16","Frances","Morgan","F",42960440,3.07,18,4101,"Bachelor Commerce/Arts"
"17","Ashley","Hughes","F",46570460,2.51,26,4068,"Bachelor Biotechnology"
"18","Sandra","Harrison","F",40714150,5.01,21,4120,"Bachelor Mathematics/Science"
"19","Benjamin","Rice","M",49425339,3.66,38,4067,"Bachelor Information Technology/Arts"
"20","Jack","Patterson","M",48155107,4.3,57,4102,"Bachelor Arts/International Hotel and Tourism Management"
"21","Louise","Bennett","F",44885724,4.18,19,4105,"Bachelor Economics/Arts"
"22","Donald","Matthews","M",34686939,3.85,21,4067,"Bachelor Mathematics/Science"
"23","Thomas","Montgomery","M",41103343,6.03,19,4101,"Bachelor Biomedical Science/Science"
"24","Lois","Woods","F",34024681,5.34,19,4068,"Bachelor Journalism/Arts"
"25","Jonathan","Harris","M",33887050,4.36,47,4000,"Bachelor Music /Science"
"26","Juan","Fowler","M",45843107,3.84,21,4169,"Bachelor Commerce/Arts"
"27","Pamela","Porter","F",30957647,5.17,38,4075,"Bachelor Journalism/Arts"
"28","Chris","Jones","M",41818114,5.46,40,4000,"Bachelor Engineering /Information Technology"
"29","Margaret","Daniels","F",47878240,2.27,41,4066,"Bachelor Science/Laws"
"30","Randy","Little","M",41353897,5.78,32,4064,"Bachelor Engineering /Arts"
"31","Annie","Perez","F",39736792,2.31,33,4101,"Bachelor Arts/Social Science"
"32","Paula","Thomas","F",30835656,5.1,35,4000,"Bachelor Arts/Laws"
"33","Robert","Black","M",41683602,6.16,48,4120,"Bachelor Commerce/Science"
"34","Todd","Riley","M",48851345,5.28,21,4075,"Bachelor Journalism/Arts"
"35","Gary","West","M",35693367,5.07,27,4065,"Bachelor Science/Journalism"
"36","Christopher","Rodriguez","M",32296156,4.6,23,4120,"Bachelor Arts/Social Science"
"37","Keith","Dean","M",33994042,6.28,26,4102,"Bachelor Arts/Social Science"
"38","Norma","Stephens","F",32340718,4.38,34,4120,"Bachelor Economics/Arts"
"39","Martin","Perry","M",42485513,5.91,24,4169,"Bachelor Business Management/Arts"
"40","Joshua","Hudson","M",43302813,4.28,53,4101,"Bachelor Commerce/Arts"
"41","Johnny","Hansen","M",34703587,5.5,28,4105,"Bachelor Business Management/International Hotel and Tourism Management"
"42","Clarence","Ramirez","M",46043060,1.67,32,4101,"Masters Computer Science (Management)"
"43","Brenda","Hill","F",36091464,4.49,33,4067,"Bachelor Arts/International Hotel and Tourism Management"
"44","Sandra","Dunn","F",42916542,3.52,23,4102,"Bachelor Economics/Arts"
"45","Joan","Welch","F",30780083,6.19,31,4064,"Bachelor Arts/Laws"
"46","Jack","Graham","M",31556496,5.44,49,4000,"Bachelor Commerce/Science"
"47","Shawn","Powell","M",36969301,6.25,30,4101,"Bachelor Economics/Arts"
"48","Julia","Porter","F",43365324,2.26,22,4064,"Bachelor Engineering  and Master of Engineering"
"49","Billy","Wright","M",37200137,4.9,24,4075,"Bachelor Engineering"
"50","Frank","Perry","M",46983237,6.48,40,4075,"Bachelor Mathematics/Arts"
"51","Phyllis","Boyd","F",49425194,3.47,29,4106,"Bachelor Arts/Education (Secondary)"
"52","Scott","Hernandez","M",30839876,5.65,27,4069,"Bachelor Speech Pathology"
"53","Martha","Gomez","",36137188,4.54,37,4068,"Bachelor Arts/International Hotel and Tourism Management"
"54","Justin","Matthews","M",36276426,1.29,30,4065,"Bachelor Music /Arts"
"55","Andrew","Brooks","M",30062906,4.18,30,4102,"Bachelor Business Management/Commerce"
"56","Sharon","Williams","F",46460932,3.18,25,4075,"Bachelor Music /Arts"
"57","Jane","Young","",42971354,3.32,20,4120,"Bachelor Arts/Education (Secondary)"
"58","Todd","Cook","M",36505619,3.46,50,4000,"Bachelor Agribusiness/Sustainable Agriculture"
"59","Christopher","Sanders","M",33324801,4.03,31,4066,"Bachelor Communication/Arts"
"60","John","Gordon","M",45984014,4.39,23,4075,"Bachelor Science/Laws"
"61","Matthew","Williamson","M",31895142,6.7,37,4000,"Bachelor Arts/Laws"
"62","Melissa","Richardson","F",34201525,3.2,21,4064,"Bachelor Commerce/Arts"
"63","Marilyn","Perry","F",34112380,5.49,25,4067,"Bachelor Science/Journalism"
"64","Peter","Carroll","M",43511098,5.72,44,4069,"Diploma Arts"
"65","Susan","Bishop","F",31786207,4.96,29,4120,"Bachelor Mathematics/Commerce"
"66","Christina","Stone","F",35994050,3.65,28,4101,"Bachelor Arts"
"67","Peter","Harvey","M",48323330,5.98,42,4067,"Bachelor Mathematics/Arts"
"68","Michael","Fowler","M",45273599,5.63,19,4069,"Bachelor Science/Arts"
"69","Andrew","Riley","M",48549071,1.51,23,4000,"Bachelor Journalism/Laws"
"70","Paula","Harrison","F",37018928,3.98,44,4064,"Bachelor Music /Arts"
"71","Louise","Frazier","F",43156791,4.25,24,4065,"Graduate Diploma Responsible Resource Development"
"72","Paul","Rose","M",49950755,5.23,27,4066,"Bachelor Commerce /Information Technology"
"73","Rachel","Hill","F",46170959,4.75,22,4067,"Bachelor Commerce/Arts"
"74","Bobby","Ortiz","M",41181965,4.58,43,4105,"Bachelor Arts/International Hotel and Tourism Management"
"75","Patricia","Hart","F",30705877,5.09,54,4066,"Masters Writing, Editing and Publishing [16 units]"
"76","Adam","Martin","M",38146097,3.23,23,4067,"Bachelor Information Technology/Arts"
"77","Judith","Hughes","F",33524270,6.8,18,4101,"Bachelor Commerce/Arts"
"78","Maria","Foster","F",48057175,4.98,47,4101,"Bachelor Economics/Science"
"79","Bobby","Ruiz","M",36239241,5.53,34,4075,"Bachelor Biomedical Science/Science"
"80","Mary","Stanley","F",30970862,4.48,19,4101,"Bachelor Arts/International Hotel and Tourism Management"
"81","Judy","Hawkins","F",36191725,3.24,41,4075,"Masters Molecular Biology (#16)"
"82","Daniel","Stone","M",43271693,3.87,34,4169,"Bachelor Science/Journalism"
"83","Andrew","Matthews","M",46482374,2.72,34,4068,"Bachelor Arts/Social Science"
"84","Jerry","Powell","",33010146,5.6,22,4103,"Bachelor Business Management/Arts"
"85","Debra","Rose","F",32762424,6.27,26,4104,"Bachelor Information Technology/Arts"
"86","Brenda","Porter","F",49566342,4.8,30,4102,"Bachelor Engineering /Commerce"
"87","Adam","Boyd","M",33084489,5.32,41,4102,"Bachelor Occupational Therapy"
"88","Kevin","Cooper","M",47769054,4.87,31,4103,"Bachelor Mathematics/Arts"
"89","Timothy","Peterson","M",31081303,5.55,42,4101,"Bachelor Information Technology/Arts"
"90","Robert","Jordan","M",41983878,4.7,54,4106,"Bachelor Communication/Arts"
"91","Kenneth","Gonzalez","M",34695621,5.59,23,4120,"Bachelor Journalism/Arts"
"92","Rachel","Gonzalez","F",45439843,6.42,30,4075,"Bachelor Science (St Lucia)"
"93","Dennis","Carter","M",39559101,4.06,69,4103,"Bachelor Engineering"
"94","Ann","White","",30405801,3.01,57,4103,"Bachelor Music /Science"
"95","Annie","Phillips","",32041893,5.04,59,4075,"Bachelor Commerce/Arts"
"96","Harry","Riley","M",41578140,3.15,27,4000,"Bachelor Arts/International Hotel and Tourism Management"
"97","Karen","Tucker","F",45215960,6.01,23,4066,"Bachelor Business Management/Arts"
"98","Nancy","Peters","F",49667966,4.62,27,4105,"Bachelor Science/Journalism"
"99","Terry","Holmes","M",36530505,2.22,37,4169,"Bachelor Engineering"
"100","Donna","Robertson","F",38420605,4.4,33,4105,"Bachelor Arts/Social Science"
"101","Jerry","Baker","M",41144799,5.8,25,4120,"Bachelor Communication/Arts"
"102","Betty","Ryan","",46870495,4.31,20,4066,"Bachelor Information Technology/Arts"
"103","Mark","Hart","M",34150437,4.1,23,4104,"Bachelor Mathematics/Arts"
"104","Catherine","Clark","F",48024559,6.44,43,4069,"Bachelor Mathematics/Arts"
"105","Scott","Gonzalez","M",31009106,5.64,38,4069,"Bachelor Business Management/Arts"
"106","Anthony","Franklin","M",39002175,3.32,47,4066,"Bachelor Economics/Arts"
"107","Shirley","Young","F",30058002,5.98,31,4075,"Bachelor Arts/Laws"
"108","Walter","Wagner","M",37539929,3.99,25,4101,"Bachelor Engineering /Arts"
"109","Wayne","Cole","M",40588388,6.54,38,4103,"Bachelor Information Technology/Arts"
"110","Lisa","Lawson","",48948625,5.19,19,4101,"Bachelor Health Sciences"
"111","Angela","Lopez","F",32819910,2.2,29,4101,"Bachelor Music /Arts"
"112","Richard","Ford","M",48304702,5.59,28,4064,"Bachelor Business Management/Arts"
"113","Walter","Flores","M",43799031,3.61,23,4066,"Bachelor Commerce/Arts"
"114","David","Porter","M",33158983,4.81,18,4064,"Bachelor Economics/Arts"
"115","Craig","Fernandez","M",39670767,5.23,37,4102,"Bachelor Mathematics/Business Management"
"116","Jack","White","M",36064816,6.83,38,4120,"Bachelor Engineering  and Master of Engineering"
"117","Alice","Harper","F",34033378,4.38,42,4169,"Diploma Arts"
"118","Judy","Gilbert","F",34963413,4.68,31,4075,"Masters Museum Studies"
"119","Anna","Stewart","F",35412774,5.85,28,4120,"Bachelor Mathematics"
"120","Betty","Diaz","F",41822639,2.44,21,4101,"Bachelor Engineering  and Master of Engineering"
"121","Nicole","Bailey","F",44852646,4.6,30,4069,"Graduate Diploma Environmental Management"
"122","Tammy","Ross","F",37641136,5.11,37,4067,"Bachelor Business Management/Arts"
"123","Jessica","Oliver","F",36345244,5.7,53,4169,"Bachelor Advanced Science"
"124","Diane","Chapman","F",48563699,6.24,31,4000,"Bachelor Business Management/Arts"
"125","Dennis","Reed","M",30068292,3.6,27,4066,"Bachelor Engineering /Science"
"126","Daniel","Bennett","M",36390632,3.24,33,4105,"Bachelor Arts/Education (Secondary)"
"127","Joe","Bennett","M",47719568,1.46,31,4101,"Bachelor Engineering /Arts"
"128","Todd","Rivera","",45212107,4.27,27,4064,"Bachelor Engineering /Mathematics"
"129","Juan","Thomas","M",33118929,1.22,27,4106,"Bachelor Engineering /Economics"
"130","Christopher","Carroll","M",45420510,3.27,19,4104,"Bachelor Commerce/Arts"
"131","Joan","Bishop","F",37836376,3.81,27,4075,"Bachelor Arts/Laws"
"132","Wanda","Wells","F",39796430,2.6,19,4066,"Bachelor Business Management/Arts"
"133","Craig","Grant","M",46662833,4.47,24,4102,"Masters Leadership in Global Development"
"134","Lillian","Hunt","F",42031927,3.56,19,4067,"Bachelor Information Technology/Arts"
"135","Jesse","Gibson","M",34719274,6.82,35,4065,"Bachelor Communication/Arts"
"136","Harold","Cole","M",30212331,4.75,42,4120,"Bachelor Criminology and Criminal Justice"
"137","Jerry","Pierce","M",40676398,6.8,31,4169,"Bachelor Mathematics/Education (Secondary)"
"138","Robin","Fields","F",49512190,1.83,40,4066,"Bachelor Journalism/Arts"
"139","Steve","Ramos","M",34247199,4.53,23,4075,"Bachelor Business Management/Arts"
"140","Jonathan","Carroll","",47923184,6.75,32,4104,"Bachelor Business Management/Arts"
"141","Nancy","Bryant","F",41743747,5.31,27,4101,"Bachelor Journalism/Arts"
"142","Antonio","Grant","M",35796515,4.8,30,4104,"Bachelor Engineering /Arts"
"143","Wayne","Garrett","M",35657952,3.19,25,4104,"Bachelor Social Science"
"144","Brenda","Torres","F",35448557,5.86,34,4120,"Bachelor International Studies"
"145","Christina","Chapman","F",48028438,5.78,31,4066,"Bachelor Arts/Social Science"
"146","Douglas","Hughes","M",38334376,6.61,45,4064,"Bachelor Biomedical Science/Science"
"147","Fred","Dixon","M",31646578,3.59,28,4106,"Bachelor Science/Arts"
"148","Keith","Jacobs","M",35169820,4.68,31,4000,"Bachelor Music /Arts"
"149","Julia","Richardson","F",44233659,4.75,18,4000,"Bachelor Science/Journalism"
"150","Norma","Olson","F",32260069,5.64,18,4064,"Bachelor Arts"
"151","Amanda","Stewart","F",31569021,5.06,23,4064,"Bachelor Arts/International Hotel and Tourism Management"
"152","Craig","Howell","",30233528,3.3,19,4106,"Bachelor Music /Arts"
"153","Scott","Rodriguez","M",35343577,1.95,35,4120,"Bachelor Science  - St Lucia"
"154","Steven","Baker","M",31976647,5.3,26,4103,"Bachelor Science (St Lucia)"
"155","Emily","Reed","F",31545455,2.03,20,4069,"Bachelor Music /Arts"
"156","Robin","Cruz","F",39749908,6.7,19,4064,"Bachelor Engineering  and Master of Engineering"
"157","Jerry","Snyder","M",37067060,6.7,43,4075,"Bachelor Engineering /Arts"
"158","Linda","Ray","F",31308655,5.23,24,4120,"Bachelor Commerce/Arts"
"159","Diane","Tucker","F",44091753,3.49,27,4120,"Bachelor Biotechnology"
"160","Catherine","Hudson","F",49773152,3.54,37,4067,"Bachelor Commerce/Arts"
"161","Daniel","Bradley","M",36215919,1.8,27,4000,"Bachelor Mathematics/Arts"
"162","Angela","Harrison","",41645291,2.81,50,4102,"Bachelor Commerce/Science"
"163","Willie","Robertson","M",48088971,4.3,31,4105,"Bachelor Communication/ Journalism"
"164","Emily","Stanley","F",38680397,4.12,29,4169,"Bachelor Science  - St Lucia"
"165","Douglas","Hicks","M",42492388,3.55,45,4101,"Bachelor Information Technology/Arts"
"166","Arthur","Jackson","M",49819643,5.46,29,4120,"Masters Music (#16)"
"167","Karen","Coleman","F",36432533,5.3,44,4064,"Bachelor Advanced Humanities"
"168","Theresa","Fuller","F",33238277,5.57,25,4103,"Bachelor Science/Arts"
"169","Julia","Baker","F",43857194,3.8,33,4067,"Bachelor Economics/Arts"
"170","Albert","Duncan","M",30921860,5.33,50,4120,"Graduate Diploma Environmental Management"
"171","Theresa","Crawford","F",35360377,5.24,30,4102,"Bachelor Science/Arts"
"172","Mary","Carroll","F",39534443,6.95,35,4103,"Bachelor Business Management/Communication"
"173","Richard","Fuller","M",38622924,6.46,19,4067,"Bachelor Engineering /Arts"
"174","John","Flores","",46322220,3.74,18,4067,"Bachelor Music /Science"
"175","Norma","Kennedy","F",30301753,3.58,34,4068,"Bachelor Science  - St Lucia"
"176","Joe","Garza","M",34609998,3.62,42,4066,"Bachelor Arts"
"177","Timothy","Morrison","M",33816762,3.05,27,4103,"Bachelor Journalism/Arts"
"178","Virginia","Carpenter","F",45650597,6.43,24,4075,"Bachelor Business Management/Journalism"
"179","Lisa","Woods","F",42935354,5.07,27,4105,"Bachelor Engineering /Arts"
"180","Patrick","Andrews","M",39353475,4.59,21,4104,"Bachelor Arts/Laws"
"181","Charles","Burke","M",31776633,5.65,30,4105,"Bachelor Commerce/Arts"
"182","Gloria","Bryant","F",36990867,4.67,22,4105,"Bachelor Mathematics/Arts"
"183","Eric","Reed","",46204788,6.54,26,4169,"Bachelor Engineering /Economics"
"184","Sandra","Peterson","F",42510988,2.73,28,4075,"Bachelor Engineering /Information Technology"
"185","Bobby","Daniels","M",49217119,5.33,58,4066,"Bachelor Science/Arts"
"186","Julia","Peterson","F",31692109,6.78,36,4102,"Bachelor Mathematics/Arts"
"187","Ernest","Bowman","M",30135080,2.52,31,4064,"Bachelor Business Management/Arts"
"188","Judy","Kim","F",41874993,2.82,32,4068,"Diploma Arts"
"189","Brian","Simpson","M",38853249,6.93,25,4064,"Bachelor Mathematics/Business Management"
"190","Pamela","Berry","F",35526765,4.16,29,4103,"Bachelor Science/Education (Secondary)"
"191","Peter","Snyder","M",36484929,6.54,30,4069,"Bachelor Engineering /Arts"
"192","Robert","Young","M",35748461,3.63,25,4101,"Bachelor Commerce/Arts"
"193","Kenneth","Vasquez","M",43412498,4.35,43,4075,"Bachelor Science/Arts"
"194","Brenda","Robinson","F",48082298,6.69,53,4065,"Bachelor Economics/Science"
"195","Jennifer","Romero","F",46416111,5.4,49,4102,"Bachelor Engineering /Arts"
"196","Matthew","Fuller","M",37514069,5.46,29,4105,"Bachelor Journalism/Arts"
"197","Carl","Carter","M",38503643,4.24,21,4102,"Bachelor Science/Arts"
"198","Phyllis","Simmons","F",31014316,4.94,35,4103,"Bachelor Business Management/Arts"
"199","Albert","Kelley","M",38964311,4.76,37,4105,"Bachelor Veterinary Technology"
"200","Chris","Nguyen","M",49984178,2.48,19,4069,"Bachelor Information Technology/Arts"
"201","Christopher","Lee","M",30166770,4.74,41,4103,"Graduate Diploma e-Healthcare"
"202","Karen","Fisher","F",32174813,2.48,41,4101,"Bachelor Arts/International Hotel and Tourism Management"
"203","Peter","Mcdonald","M",30487403,5.76,28,4068,"Masters Educational Studies (#24)"
"204","Louis","James","",43104762,3.8,21,4066,"Bachelor Mathematics/Education (Secondary)"
"205","Lori","Fisher","F",39182341,1.36,27,4000,"Bachelor Business Management/Arts"
"206","Phillip","Hanson","M",40970466,5.32,44,4065,"Bachelor Business Management/Arts"
"207","Virginia","Marshall","F",37984715,5.08,22,4000,"Bachelor Science  - St Lucia"
"208","Kathryn","Roberts","F",32141000,5.96,40,4103,"Bachelor Business Management/Arts"
"209","Ronald","Harrison","M",46675546,2.36,30,4067,"Bachelor Arts"
"210","Paula","Schmidt","F",46988922,4.49,20,4068,"Bachelor Music /Science"
"211","Roger","Davis","M",40777737,2.99,51,4068,"Bachelor Communication/Arts"
"212","Kenneth","Chapman","M",42349324,3.52,18,4064,"Bachelor Information Technology/Arts"
"213","Ann","Little","",48397947,5.31,43,4101,"Bachelor Science/Laws"
"214","Phillip","Medina","M",31221206,3.76,26,4101,"Bachelor Business Management/Arts"
"215","Ashley","Ross","F",39287632,2.53,19,4120,"Bachelor Information Technology/Science"
"216","John","Spencer","M",38434612,5.8,29,4000,"Bachelor Music /Science"
"217","Edward","Jacobs","M",39627268,3.67,48,4068,"Bachelor Communication/Arts"
"218","Paul","Hunt","M",31082350,3.36,44,4103,"Bachelor Engineering"
"219","Kathryn","Cox","F",44755922,6.61,31,4065,"Graduate Certificate Fire Safety"
"220","Karen","Fernandez","F",30182176,6.79,20,4068,"Bachelor Engineering /Arts"
"221","Brandon","Chavez","M",31526975,5.05,41,4102,"Bachelor Science  - St Lucia"
"222","Frank","Fox","M",42262694,5.56,26,4067,"Bachelor Journalism/Arts"
"223","Fred","Warren","M",36974002,3.54,24,4068,"Bachelor Mathematics/Arts"
"224","Diana","Perry","F",43019806,5.23,30,4068,"Diploma Science"
"225","James","Campbell","M",46328779,3.3,45,4102,"Masters Business (#32)"
"226","Jack","Howell","M",37177923,2.89,30,4102,"Bachelor Information Technology/Arts"
"227","Steve","Gilbert","M",44454393,6.16,27,4103,"Bachelor Arts"
"228","Evelyn","Shaw","F",40782793,5.96,24,4064,"Bachelor Engineering /Arts"
"229","Rebecca","Tucker","F",49144063,4.24,20,4069,"Bachelor Science/Arts"
"230","Diana","West","F",30073294,4,22,4103,"Bachelor Commerce/Economics"
"231","Richard","Torres","M",42319829,4.74,31,4169,"Bachelor Music /Arts"
"232","Pamela","Powell","F",41868335,2.51,27,4103,"Bachelor Information Technology/Science"
"233","Irene","Collins","F",46690889,4,42,4069,"Bachelor Music /Science"
"234","Thomas","Hansen","M",39717472,2.67,23,4075,"Bachelor Business Management/Arts"
"235","Benjamin","Peterson","M",35564670,3.91,36,4101,"Bachelor Science/Journalism"
"236","Teresa","Fields","F",43294249,5.48,28,4102,"Bachelor Business Management/Journalism"
"237","Roger","Hayes","M",43230596,3.58,24,4120,"Bachelor Arts/Education (Secondary)"
"238","Sara","George","F",37305646,5.57,31,4104,"Bachelor Engineering /Science"
"239","Keith","Holmes","M",49228955,1.91,23,4065,"Bachelor Economics/Arts"
"240","Ralph","Lewis","M",30156648,3.36,21,4104,"Bachelor Mathematics/Information Technology"
"241","Steven","Ruiz","M",31481958,4.1,33,4075,"Bachelor Journalism/Arts"
"242","Sean","Berry","M",39329430,6.34,41,4064,"Bachelor Engineering /Science"
"243","Barbara","Freeman","F",49651612,5.09,50,4075,"Bachelor Business Management/Arts"
"244","Martin","Rogers","M",43580723,5.9,19,4103,"Bachelor Biomedical Science/Science"
"245","Justin","Ferguson","M",33301364,1.99,25,4102,"Graduate Certificate Business"
"246","Gloria","Stanley","F",32935117,3.57,39,4067,"Bachelor Science/Arts"
"247","Jeffrey","Oliver","M",45758780,6.06,32,4075,"Bachelor Engineering  and Master of Engineering"
"248","Harold","Reid","M",30149310,4.29,29,4102,"Bachelor Arts/Social Science"
"249","Lillian","Chapman","F",47499081,4.49,24,4169,"Bachelor Environmental Science"
"250","Aaron","Snyder","M",38535508,3.66,22,4105,"Bachelor Business Management/Laws"
"251","Judy","Jones","F",31658909,2.14,34,4120,"Bachelor Commerce/Arts"
"252","Shirley","Williams","F",39195998,3.42,23,4069,"Bachelor Science/Arts"
"253","Michelle","Bradley","F",38551868,4.16,26,4169,"Bachelor Communication/Arts"
"254","William","Snyder","M",49857246,2.53,44,4106,"Bachelor Engineering"
"255","Michael","Bryant","M",42005420,2.73,20,4102,"Bachelor Science/Arts"
"256","Brandon","Lopez","M",33811413,5.78,23,4169,"Diploma Arts"
"257","Gloria","Walker","F",32077297,5.45,50,4104,"Bachelor Engineering /Arts"
"258","William","Larson","M",39377771,1.23,27,4102,"Bachelor Business Management/Journalism"
"259","Craig","Perez","M",43130610,4.53,60,4066,"Bachelor Engineering /Science"
"260","Philip","Jenkins","M",36484147,5.96,41,4120,"Bachelor Music /Arts"
"261","Martin","Freeman","M",35699940,2.7,28,4101,"Bachelor Information Technology/Arts"
"262","Jack","Cook","M",42032382,6.02,53,4101,"Bachelor Music /Science"
"263","Peter","Moore","M",41501903,5.94,18,4104,"Bachelor Arts/International Hotel and Tourism Management"
"264","Laura","Gonzalez","",32068572,3.95,22,4068,"Graduate Certificate Responsible Resource Development"
"265","Clarence","Chavez","M",47842653,2.83,26,4106,"Bachelor Business Management/Laws"
"266","Bonnie","West","F",39957115,5.22,25,4069,"Bachelor Business Management/Arts"
"267","Ronald","Black","M",30313312,4.89,30,4069,"Bachelor Business Management/Arts"
"268","Justin","Cook","M",32756748,2.25,18,4106,"Bachelor Arts/Social Science"
"269","Jane","Gonzalez","F",33613834,2.87,33,4105,"Bachelor Information Technology/Arts"
"270","Paula","Schmidt","F",41495264,6.14,21,4068,"Bachelor Science/Arts"
"271","Terry","Jordan","M",44746289,3.46,49,4120,"Bachelor Economics/Science"
"272","Aaron","Harper","M",45045598,5.33,30,4102,"Bachelor Music /Arts"
"273","Kathryn","Lee","F",37091511,1.04,32,4068,"Bachelor Biomedical Science/Science"
"274","Julie","Green","",38570426,3.57,49,4075,"Bachelor Communication/Arts"
"275","Sharon","Meyer","F",48683654,3.14,18,4101,"Bachelor Arts/Laws"
"276","Kathryn","Scott","",45792428,2.56,64,4069,"Bachelor Business Management/International Hotel and Tourism Management"
"277","Joseph","Lynch","",34602914,5.35,26,4075,"Diploma Science"
"278","Adam","Matthews","M",42244458,4.69,36,4066,"Bachelor Information Technology/Arts"
"279","Jeffrey","Banks","M",45923291,1.49,26,4120,"Bachelor Music /Arts"
"280","Ashley","Mcdonald","F",33340900,4.89,22,4101,"Bachelor Science (St Lucia)"
"281","Arthur","Jackson","M",38659483,4.86,40,4064,"Bachelor Journalism/Arts"
"282","Katherine","Alvarez","F",36849865,5.65,36,4169,"Bachelor Arts"
"283","Raymond","Wagner","M",32905137,5.85,24,4066,"Bachelor Arts/Education (Secondary)"
"284","Tina","Harris","F",41027916,3.32,42,4069,"Bachelor Arts/Social Science"
"285","Karen","Hunter","F",46412889,5.43,37,4068,"Bachelor Economics/Science"
"286","Benjamin","Rodriguez","M",38803189,5.3,35,4102,"Bachelor Mathematics/Arts"
"287","Christopher","Ford","M",32853000,5.02,37,4106,"Bachelor Journalism/Arts"
"288","Pamela","Andrews","F",37069551,3.32,35,4067,"Bachelor Economics/Arts"
"289","Tina","Wright","F",30555806,6.4,25,4103,"Bachelor Commerce/Arts"
"290","Edward","Simmons","M",38263499,2.45,25,4104,"Bachelor Science/Arts"
"291","Christina","Coleman","F",35205954,5.29,23,4000,"Bachelor Mathematics/Commerce"
"292","Shirley","Diaz","F",48759725,5.37,21,4106,"Bachelor Arts/International Hotel and Tourism Management"
"293","Frank","Crawford","M",47924905,2.35,28,4069,"Bachelor Biotechnology"
"294","Earl","Jacobs","M",43624007,5.73,25,4102,"Masters Occupational Therapy Studies"
"295","Lawrence","Owens","M",35475666,5.07,26,4068,"Bachelor Biomedical Science/Science"
"296","Helen","Coleman","F",46804410,4.99,35,4101,"Bachelor Arts"
"297","Anna","Turner","F",39654713,4.8,23,4106,"Bachelor Engineering /Business Management"
"298","Alice","Flores","F",48574864,6.29,20,4105,"Bachelor Mathematics/Arts"
"299","Victor","Boyd","M",32847324,2.3,27,4065,"Bachelor Health, Sport and Physical Education"
"300","Carolyn","Willis","F",32578266,4.46,23,4169,"Bachelor Advanced Humanities"
"301","Amanda","Reed","F",44946682,6.35,42,4101,"Bachelor Engineering /Arts"
"302","Billy","Ellis","M",33355485,2.22,35,4000,"Bachelor Arts/Education (Secondary)"
"303","Angela","Berry","F",34858974,2.31,40,4104,"Bachelor Arts"
"304","Clarence","Edwards","M",31281493,4.17,22,4103,"Bachelor Arts/Laws"
"305","Thomas","Lewis","M",42131969,6.31,35,4120,"Diploma Science"
"306","Wayne","Armstrong","M",37679035,3.52,25,4106,"Bachelor Business Management/Arts"
"307","Thomas","Gomez","M",45176695,4.99,23,4064,"Graduate Diploma Educational Studies"
"308","Carl","Wilson","M",32182781,2.32,25,4103,"Bachelor Journalism/Arts"
"309","Wayne","Tucker","M",33882564,4.85,21,4105,"Bachelor Mathematics/Science"
"310","Willie","Robertson","M",32378648,5.1,32,4101,"Bachelor Commerce/Arts"
"311","Jeffrey","Burns","M",35149416,2.33,28,4106,"Bachelor Information Technology/Science"
"312","Diane","Bennett","F",49993688,5.42,37,4105,"Bachelor Engineering /Science"
"313","Steve","Perry","M",40549253,5.68,26,4067,"Bachelor Arts/Social Science"
"314","Jesse","Gray","M",34027808,1.19,21,4064,"Bachelor Economics/Arts"
"315","Rose","Ramirez","F",30881933,6.06,26,4102,"Bachelor International Studies"
"316","Rebecca","Hall","F",44007000,5.72,29,4120,"Bachelor Science  - St Lucia"
"317","Paul","Henry","M",48195615,5.61,27,4075,"Bachelor Arts/Social Science"
"318","Todd","Chavez","M",47936244,4.86,39,4106,"Bachelor Arts/International Hotel and Tourism Management"
"319","Willie","Burke","M",30688723,4.18,23,4075,"Bachelor Engineering /Arts"
"320","Katherine","Bishop","F",38983484,2.02,21,4102,"Bachelor Engineering /Economics"
"321","Eugene","Alexander","M",42028934,6.34,24,4105,"Bachelor Journalism/Arts"
"322","Russell","Ray","M",43416562,3.73,26,4075,"Bachelor Commerce/Arts"
"323","Bruce","Price","M",35275967,5.5,62,4169,"Bachelor Business Management/Arts"
"324","Keith","Cruz","M",33898081,5.11,31,4000,"Masters Petroleum Engineering"
"325","Diane","Andrews","F",46494750,3.71,53,4169,"Bachelor Engineering /Arts"
"326","Raymond","Lawrence","M",39216442,5.75,40,4064,"Bachelor Communication/Arts"
"327","Lisa","Ryan","F",42686344,6.27,31,4106,"Bachelor Arts/International Hotel and Tourism Management"
"328","Donna","Lawson","",41459747,5.86,50,4169,"Bachelor Science/Journalism"
"329","Roger","Riley","M",43296295,3.94,20,4102,"Bachelor Arts/Social Science"
"330","Amy","Franklin","F",47967968,5.59,44,4102,"Bachelor Arts/Social Science"
"331","Stephanie","Adams","F",49398806,4.62,18,4000,"Bachelor Engineering /Arts"
"332","Theresa","Rogers","F",31352764,5.62,25,4101,"Bachelor Economics/Arts"
"333","Louise","Owens","F",36232298,6.29,52,4067,"Bachelor Mathematics/Arts"
"334","Roger","Fisher","M",30460801,6.05,21,4068,"Bachelor Communication/ Journalism"
"335","William","Perry","M",48661304,3.37,33,4066,"Masters Public Health (#24)"
"336","Brenda","Hanson","F",35598374,6.07,22,4067,"Bachelor Journalism/Arts"
"337","Carolyn","Cruz","F",46165369,6.92,28,4103,"Bachelor Commerce/Arts"
"338","Irene","Lawson","F",36423818,4.76,23,4106,"Bachelor Arts/International Hotel and Tourism Management"
"339","Dennis","Ruiz","M",34359347,3.09,23,4065,"Bachelor Arts/Laws"
"340","Harry","Sanchez","M",46178757,1.53,23,4064,"Graduate Certificate Arts in Japanese Translation"
"341","Victor","Franklin","M",47395541,5.07,40,4104,"Bachelor Science/Arts"
"342","Andrea","Kelley","F",36616022,5.09,24,4065,"Bachelor Communication/Arts"
"343","Kimberly","Banks","F",49665585,6.61,22,4075,"Bachelor Arts/Laws"
"344","James","Harris","",44180840,3.77,31,4120,"Bachelor Economics/Arts"
"345","Carol","Holmes","F",39473499,2.45,19,4066,"Bachelor Music /Science"
"346","Rose","Brown","F",40688479,4.56,27,4103,"Masters Development Practice (#24)"
"347","Philip","Simmons","",47581934,4.51,51,4066,"Bachelor Music /Arts"
"348","Jeremy","Griffin","M",38155055,6.58,24,4103,"Bachelor Science/Laws"
"349","Scott","Owens","",41358590,4.96,29,4104,"Bachelor Biomedical Science/Science"
"350","Matthew","Webb","M",41179291,4.21,32,4105,"Bachelor Engineering /Business Management"
"351","Shirley","Chavez","F",37025983,3.31,33,4000,"Bachelor Social Work"
"352","Ralph","Mccoy","M",48023189,2.51,25,4105,"Bachelor Arts/Social Science"
"353","Ann","Weaver","F",32615175,5.48,27,4103,"Bachelor Communication/Arts"
"354","Gregory","Black","M",41668542,2.69,54,4065,"Bachelor Engineering /Science"
"355","Frank","Reyes","M",38588857,1.58,30,4120,"Bachelor Engineering /Arts"
"356","Jose","Chapman","M",35362087,3.94,23,4065,"Bachelor Mathematics/Science"
"357","Bobby","Reid","",33440112,3.76,40,4065,"Bachelor Business Management/Arts"
"358","Theresa","Murphy","F",36739500,4.33,33,4102,"Bachelor Journalism/Arts"
"359","Terry","Rodriguez","M",43128581,2.54,33,4075,"Bachelor Arts/Laws"
"360","Victor","Medina","M",30218279,5.66,22,4075,"Bachelor Commerce/Arts"
"361","Rachel","Lawrence","F",40522731,5.13,51,4069,"Bachelor Science  - St Lucia"
"362","Nancy","Welch","F",38575148,2.38,25,4075,"Bachelor Mathematics/Arts"
"363","Nicole","Mason","F",34845288,6.07,42,4104,"Bachelor Arts/Laws"
"364","William","Henderson","M",37324059,5.05,21,4075,"Bachelor Journalism/Arts"
"365","Ann","George","F",32642078,4.09,25,4000,"Bachelor Engineering /Arts"
"366","Phillip","Hicks","",39132315,4.17,53,4000,"Bachelor Mathematics/Arts"
"367","Judy","Nelson","F",44282533,2.48,26,4068,"Bachelor Business Management/Science"
"368","Brian","Tucker","M",38967233,3.06,37,4102,"Bachelor Journalism/Arts"
"369","Justin","Lopez","M",30241763,4.48,40,4066,"Bachelor Science/Laws"
"370","Jimmy","Holmes","",33168814,5.36,28,4101,"Bachelor Economics/Arts"
"371","Howard","Dunn","M",49412341,4.05,32,4075,"Bachelor Science (St Lucia)"
"372","Wanda","Watkins","F",43219527,4.43,27,4103,"Bachelor Journalism/Arts"
"373","Jason","Webb","M",46196632,3.3,24,4105,"Graduate Diploma Public Health"
"374","Kimberly","Oliver","F",34040957,3.01,34,4103,"Bachelor Music /Science"
"375","Gloria","Bradley","F",35754133,5.19,33,4106,"Bachelor Arts/Social Science"
"376","Maria","Oliver","F",43789387,4.67,33,4065,"Bachelor Music /Science"
"377","Henry","Willis","M",46201576,4.23,44,4069,"Bachelor Social Science"
"378","Gloria","Shaw","F",39076232,5.84,25,4106,"Bachelor Engineering /Arts"
"379","Debra","Ramirez","F",46013959,5.88,60,4064,"Bachelor Science/Arts"
"380","Jesse","Fields","M",30414192,4.24,25,4106,"Bachelor Music /Arts"
"381","Emily","Hansen","F",43546956,3.77,35,4065,"Bachelor Commerce/Arts"
"382","Karen","Ross","",41358546,3.92,56,4067,"Bachelor Information Technology/Arts"
"383","Gerald","Rose","M",33496659,3.97,33,4067,"Bachelor Science/Arts"
"384","Linda","Hunt","F",32213985,5.14,23,4120,"Bachelor Business Management/Science"
"385","Albert","Carter","M",48867173,6.19,26,4101,"Bachelor Music /Arts"
"386","Lillian","Alexander","F",31117519,4.34,32,4075,"Bachelor Mathematics/Arts"
"387","Kenneth","Clark","M",44094004,1.93,39,4067,"Bachelor Mathematics/Arts"
"388","Frances","Pierce","F",33305965,4.15,57,4106,"Bachelor Engineering"
"389","Julia","Dixon","F",47413363,4.09,22,4101,"Bachelor Science (St Lucia)"
"390","Frank","Stevens","M",40939941,5.85,32,4105,"Diploma Arts"
"391","Wanda","Harvey","F",31084594,4.35,36,4102,"Bachelor Business Management/Commerce"
"392","Matthew","Gray","M",43160025,2.37,21,4068,"Bachelor Economics/Science"
"393","Christine","Fowler","F",32816345,4.78,29,4101,"Bachelor Engineering /Arts"
"394","Albert","Bell","M",48072955,3.56,31,4169,"Bachelor Engineering"
"395","Amanda","Welch","F",35655754,6.59,47,4106,"Bachelor Engineering /Science"
"396","Chris","Phillips","M",47273514,5.53,56,4068,"Bachelor Mathematics/Economics"
"397","Wanda","Fowler","F",41087635,4.04,37,4105,"Graduate Certificate Urban and Regional Planning"
"398","Howard","Kennedy","M",36164976,5.05,22,4101,"Diploma Science"
"399","Alice","Cunningham","F",35819459,4.32,23,4120,"Bachelor Arts/International Hotel and Tourism Management"
"400","Jerry","Cox","M",43329680,5.48,27,4064,"Bachelor Economics"
"401","Betty","Bryant","",37612639,5.1,27,4106,"Bachelor Arts"
"402","William","Vasquez","M",32592163,6.71,45,4000,"Bachelor Mathematics/Arts"
"403","Sharon","Payne","F",48837274,2,20,4065,"Bachelor Arts/International Hotel and Tourism Management"
"404","Laura","Matthews","F",33045214,5.31,18,4075,"Bachelor Engineering  and Master of Engineering"
"405","Kathy","Peterson","F",35190600,6.68,36,4105,"Bachelor Arts/Laws"
"406","Brenda","Gomez","F",47372346,5.99,40,4066,"Bachelor Music /Science"
"407","Lillian","Warren","F",38974093,3.78,20,4068,"Diploma Arts"
"408","Carl","Williams","M",34555218,4.09,21,4169,"Bachelor Journalism/Arts"
"409","Christine","Harper","F",37042008,3.23,21,4065,"Masters (Extended) Medicine"
"410","Christine","Cooper","F",39263600,3.02,23,4065,"Bachelor Science/Arts"
"411","Donald","White","M",43511221,5.76,40,4067,"Masters Science (#24)"
"412","Ryan","Stewart","M",41553250,4.41,25,4000,"Bachelor Engineering /Arts"
"413","Roy","Sanchez","M",38003452,3.43,28,4105,"Bachelor Arts/International Hotel and Tourism Management"
"414","Heather","Griffin","F",47587242,1.58,34,4101,"Bachelor Business Management/Arts"
"415","Carol","Porter","F",31949083,4.24,24,4102,"Bachelor Mathematics/Science"
"416","Alice","Lawson","F",42083525,1.57,25,4169,"Bachelor Commerce/Laws"
"417","Aaron","Morales","M",36826470,6.3,38,4106,"Bachelor Engineering /Science"
"418","Louis","Perry","M",32094919,5.73,37,4102,"Bachelor Music /Science"
"419","Donald","Romero","M",35503535,4.69,36,4064,"Bachelor Arts/International Hotel and Tourism Management"
"420","Sandra","Fuller","F",45388409,6.72,29,4102,"Bachelor Arts/International Hotel and Tourism Management"
"421","Steven","Graham","M",49399486,3.09,41,4068,"Bachelor Engineering /Science"
"422","Kathleen","Howell","F",43388262,5.8,21,4104,"Bachelor Music /Science"
"423","Lillian","Greene","F",45220722,3.03,25,4066,"Masters Information Technology"
"424","Robin","Thompson","F",33371562,2.62,31,4120,"Bachelor Music /Arts"
"425","Norma","Watson","F",34420572,2.64,23,4065,"Bachelor Information Technology/Science"
"426","Carol","Torres","F",44708861,6.01,49,4120,"Bachelor Mathematics/Science"
"427","Cheryl","Hunter","F",34321645,6.05,22,4105,"Bachelor Journalism/Arts"
"428","Shawn","Peterson","M",35961637,5.98,19,4103,"Bachelor Business Management/Arts"
"429","Nicholas","Morgan","",47416395,6.81,22,4067,"Bachelor Science/Arts"
"430","Amanda","Nguyen","F",34958127,5.94,25,4104,"Bachelor Music /Arts"
"431","Andrea","Romero","F",30543526,6.21,25,4069,"Bachelor Biomedical Science/Science"
"432","Judith","Dixon","F",47852017,2.96,25,4067,"Bachelor Science/Journalism"
"433","Joshua","Dunn","M",45090556,6.39,38,4106,"Bachelor Journalism/Arts"
"434","Emily","Castillo","F",33117226,5.13,29,4106,"Bachelor Communication/Arts"
"435","Rose","Rice","F",41222956,4.28,20,4064,"Bachelor Engineering /Information Technology"
"436","Emily","Thompson","",33887247,4.66,37,4169,"Diploma Science"
"437","Joan","Lopez","F",31935943,3.78,42,4104,"Bachelor Commerce/Arts"
"438","Brian","Reed","",30758809,5.29,23,4102,"Bachelor Economics/Arts"
"439","Jose","Kennedy","M",32805730,6.75,21,4065,"Bachelor Arts/Social Science"
"440","Craig","Howell","M",31656501,4,28,4169,"Bachelor Music /Science"
"441","Lois","Perkins","F",49827680,6.61,30,4065,"Bachelor Advanced Humanities"
"442","Teresa","Pierce","F",33701676,6.88,27,4104,"Bachelor Economics/Science"
"443","Susan","Perez","F",32351072,5.78,21,4067,"Bachelor Commerce/Arts"
"444","Jacqueline","Lynch","F",39536092,1.96,25,4120,"Bachelor Journalism/Arts"
"445","Louise","Moreno","F",36774472,3.09,21,4075,"Bachelor Commerce/Arts"
"446","Henry","Carpenter","M",31894423,5.98,33,4103,"Bachelor Science/Laws"
"447","Jerry","Richards","M",35788964,4.95,31,4067,"Graduate Certificate Computer Science"
"448","Donald","Burton","M",30050956,4.52,63,4103,"Bachelor Psychological Science"
"449","Betty","Young","F",31311123,5.67,34,4101,"Bachelor Advanced Science"
"450","Clarence","Black","",34709743,5.66,49,4000,"Bachelor Music /Arts"
"451","Timothy","Franklin","M",38247972,4.04,19,4102,"Bachelor Commerce"
"452","Donald","Reyes","",33615555,5,25,4068,"Bachelor Biomedical Science/Science"
"453","Johnny","Smith","M",39009959,3.37,20,4105,"Bachelor Commerce/Science"
"454","Tammy","Jackson","F",47707151,4.66,19,4105,"Bachelor Journalism/Arts"
"455","Earl","Ramirez","M",45474573,3.77,19,4103,"Bachelor Music /Arts"
"456","Ann","Mcdonald","F",49746820,3.91,31,4169,"Bachelor Arts/International Hotel and Tourism Management"
"457","Paula","Henderson","F",35632612,3.09,21,4104,"Bachelor Arts"
"458","Johnny","Fields","M",43196424,5.52,31,4064,"Bachelor Music /Science"
"459","Elizabeth","Black","F",38073829,3.39,45,4068,"Bachelor Arts/International Hotel and Tourism Management"
"460","George","Richards","M",40125217,5.51,22,4069,"Bachelor Arts/Laws"
"461","Clarence","Martin","M",42410328,4.36,28,4064,"Bachelor Arts/Laws"
"462","Johnny","Jordan","M",40828790,1.55,19,4068,"Bachelor Mathematics/Arts"
"463","Denise","Dixon","F",39753907,1.19,23,4169,"Bachelor Mathematics/Business Management"
"464","Nancy","Hicks","F",47502727,6.43,36,4106,"Bachelor Engineering /Commerce"
"465","Maria","Fowler","",40578195,4.42,22,4064,"Bachelor Arts/International Hotel and Tourism Management"
"466","Mary","Morrison","F",39870137,6.16,18,4068,"Bachelor Business Management/Arts"
"467","Norma","Wheeler","F",43439745,5.53,32,4104,"Bachelor Biotechnology"
"468","Shawn","Perry","M",47388048,6.16,18,4105,"Bachelor Science/Journalism"
"469","Linda","Campbell","F",40571437,6.93,35,4069,"Bachelor Engineering"
"470","Jessica","Hicks","F",44055866,1.9,45,4069,"Bachelor Science/Education (Secondary)"
"471","Robin","Nelson","F",48324620,3.33,21,4103,"Bachelor Music /Arts"
"472","Helen","Mason","F",32485694,2.58,30,4075,"Bachelor Science/Laws"
"473","Timothy","Evans","M",47095363,4.22,36,4064,"Bachelor Commerce/Arts"
"474","Bruce","Bailey","M",34358005,6.31,21,4101,"Bachelor Arts/International Hotel and Tourism Management"
"475","Earl","Brown","M",43116437,3.15,72,4105,"Bachelor Arts/Social Science"
"476","Irene","Bennett","F",44828079,6.02,20,4065,"Bachelor Business Management/Laws"
"477","Gregory","Hicks","M",48401863,1.41,34,4101,"Bachelor Science (St Lucia)"
"478","Katherine","Larson","F",47759222,4.41,47,4106,"Bachelor Information Technology/Arts"
"479","Scott","Cook","M",38144456,4.93,22,4120,"Bachelor Mathematics/Arts"
"480","Ryan","Myers","M",44486440,6.23,36,4000,"Bachelor Science  - St Lucia"
"481","Russell","Hughes","M",48560366,5.63,36,4069,"Diploma Science"
"482","Judy","Scott","F",49180285,5.32,24,4000,"Bachelor Music /Arts"
"483","Gerald","Evans","M",32255375,2.18,24,4169,"Bachelor Engineering /Science"
"484","Patricia","Warren","F",35027935,4.4,35,4104,"Bachelor Clinical Exercise Physiology"
"485","Ruby","Bowman","F",30292263,4.84,21,4068,"Bachelor Arts/Laws"
"486","Ronald","Bennett","M",38338138,5.81,44,4104,"Bachelor Arts/Social Science"
"487","Brian","Weaver","M",44177527,4.73,36,4069,"Bachelor Arts/Social Science"
"488","Gerald","Walker","M",49988557,4.07,30,4066,"Bachelor Arts/Social Science"
"489","Michelle","Berry","F",39357529,4.53,20,4169,"Bachelor Science (Gatton)"
"490","Catherine","Crawford","F",47227878,3.85,43,4066,"Bachelor Midwifery"
"491","Dennis","Willis","M",30093062,1.4,41,4101,"Bachelor Music /Science"
"492","Mildred","Knight","F",41131460,4.58,24,4066,"Bachelor Mathematics/Commerce"
"493","Adam","Ortiz","M",30786042,4.01,33,4064,"Bachelor Engineering /Mathematics"
"494","Eugene","Miller","M",34383822,5.94,33,4103,"Bachelor Economics/Science"
"495","Carlos","Wright","M",36314378,4.78,26,4105,"Bachelor Engineering /Science"
"496","Brenda","Hunt","",35549732,2.3,42,4169,"Masters Engineering Science (Management)"
"497","Jeremy","Wood","M",43331481,2.46,25,4103,"Bachelor Advanced Humanities"
"498","Shirley","Gardner","F",35934367,6.7,21,4120,"Bachelor Environmental Science"
"499","Michelle","Porter","F",47788576,5.54,55,4075,"Bachelor Business Management/Commerce"
"500","Ann","Lane","",34440618,4.31,29,4069,"Diploma Languages"
"501","Norma","George","F",41463868,3.62,18,4120,"Bachelor Mathematics/Science"
"502","Carol","Welch","F",48218189,2.75,22,4068,"Bachelor Science/Arts"
"503","Irene","Murphy","F",47882788,6.48,20,4069,"Bachelor Engineering /Arts"
"504","Dennis","Griffin","M",33802743,2.97,21,4065,"Bachelor Science/Arts"
"505","Kathryn","Phillips","F",43245460,3.22,34,4065,"Bachelor Business Management/Arts"
"506","Amy","Sullivan","F",37324581,4.52,50,4169,"Masters Sports Coaching (#24)"
"507","Laura","Adams","F",35980131,5.51,38,4104,"Bachelor Arts/Laws"
"508","Ernest","Washington","M",49790756,6.03,24,4000,"Graduate Certificate Public Health"
"509","Harold","Holmes","M",34354165,3.46,38,4103,"Bachelor Engineering /Economics"
"510","Jesse","Day","M",48798606,2.99,22,4105,"Bachelor Science (Gatton)"
"511","Beverly","Ellis","F",30238285,6.61,37,4169,"Bachelor Engineering /Science"
"512","Cheryl","Ray","F",46614952,6.25,52,4064,"Bachelor Business Management/Arts"
"513","Steven","Chavez","M",37757767,2.24,29,4101,"Bachelor Business Management/Arts"
"514","Robert","Hicks","M",40372321,4.01,47,4069,"Bachelor Music /Arts"
"515","Janet","Henry","F",48619626,5.14,55,4104,"Diploma Languages"
"516","Craig","Anderson","M",36043814,5.28,25,4067,"Bachelor Business Management/Arts"
"517","Terry","Sims","",42177069,5.09,31,4105,"Bachelor Business Management/Arts"
"518","Tammy","Chapman","F",38569224,3.3,32,4169,"Bachelor Music /Arts"
"519","Kimberly","Stanley","F",42659209,5.59,24,4066,"Bachelor Engineering /Arts"
"520","Steven","Romero","M",31320697,4.49,22,4105,"Bachelor Business Management/Arts"
"521","Lawrence","Frazier","M",47338937,6.44,21,4169,"Bachelor Business Management/Arts"
"522","Michelle","Turner","F",48677850,2.86,44,4105,"Bachelor Music /Arts"
"523","Jane","Ray","F",41488604,4.87,36,4120,"Bachelor Science/Laws"
"524","Jack","Oliver","M",35920204,4.95,50,4105,"Diploma Arts"
"525","Michael","Rice","M",42179447,5.57,30,4069,"Bachelor International Studies"
"526","Mark","Tucker","M",42800779,4.55,33,4069,"Bachelor Arts/Social Science"
"527","Keith","Wagner","M",38670998,6.89,27,4000,"Bachelor Engineering /Arts"
"528","Gregory","Hart","M",34087423,6.66,27,4067,"Bachelor Economics/Laws"
"529","Jerry","Harris","M",31667815,3.2,32,4102,"Bachelor Communication/Arts"
"530","Louise","Arnold","F",32244618,5.37,29,4102,"Bachelor Science/Laws"
"531","Betty","Butler","F",31907005,2.92,28,4105,"Bachelor Engineering /Arts"
"532","Jesse","Hernandez","M",43189153,4.56,59,4105,"Bachelor Commerce/Arts"
"533","Doris","West","F",45619072,4.25,32,4075,"Bachelor Engineering /Arts"
"534","Sara","Martinez","F",41863145,4.09,28,4075,"Bachelor Arts/Social Science"
"535","James","Diaz","M",30088238,5.08,24,4068,"Bachelor Arts/International Hotel and Tourism Management"
"536","Christine","Hunt","F",34269175,5.02,35,4104,"Bachelor Biomedical Science/Science"
"537","Robert","Weaver","M",41862375,5,50,4104,"Bachelor Mathematics/Science"
"538","Jeremy","Brown","M",40151775,6.96,34,4069,"Bachelor Journalism/Arts"
"539","Terry","Spencer","M",31143564,2.48,31,4102,"Bachelor Journalism/Arts"
"540","Peter","Perkins","M",34047866,6.44,22,4101,"Masters Conservation Science (#32)"
"541","Mary","Henderson","F",40904963,3.11,36,4101,"Bachelor Engineering /Science"
"542","Samuel","Bell","",40029288,5.87,18,4066,"Bachelor Music /Arts"
"543","Matthew","Campbell","M",36519724,4.01,22,4169,"Bachelor Communication/Arts"
"544","Cheryl","Carr","F",43417917,6.83,19,4065,"Bachelor Science  - St Lucia"
"545","Heather","Kim","F",30024535,3.54,27,4066,"Bachelor Information Technology/Arts"
"546","Nicholas","Pierce","M",32569605,6.06,24,4120,"Bachelor Business Management/International Hotel and Tourism Management"
"547","Gerald","Jacobs","M",33672476,5.68,20,4064,"Masters Project Management"
"548","Wayne","Rogers","M",38006599,6.7,22,4075,"Bachelor Social Science"
"549","Michael","Alexander","M",39320922,6.77,36,4105,"Bachelor Arts"
"550","Rebecca","Stone","F",43075110,5.21,20,4102,"Bachelor Sustainable Agriculture"
"551","Debra","Gibson","F",37208204,5.87,33,4075,"Diploma Arts"
"552","Kevin","Morrison","M",48914131,4.28,22,4066,"Bachelor Arts/Laws"
"553","Lori","Hernandez","F",30820737,6.7,22,4103,"Bachelor Music /Arts"
"554","Stephanie","Banks","F",39435309,6.64,26,4101,"Bachelor Regional and Town Planning"
"555","Sara","Reynolds","F",40941831,5.75,32,4065,"Bachelor Mathematics/Science"
"556","Deborah","Torres","F",31000113,5.06,22,4068,"Bachelor Journalism/Arts"
"557","Patricia","White","",36336887,5.6,48,4104,"Bachelor Engineering /Information Technology"
"558","Teresa","Olson","F",34945319,5.07,22,4103,"Bachelor Music /Arts"
"559","Clarence","Bowman","M",46614228,3.15,40,4069,"Bachelor Engineering /Arts"
"560","Phyllis","Hudson","F",34730506,3.45,45,4104,"Bachelor Science  - St Lucia"
"561","Aaron","Baker","M",40218870,5.2,34,4103,"Bachelor Science  - St Lucia"
"562","Samuel","Jordan","M",39615548,3.89,27,4066,"Bachelor Arts/International Hotel and Tourism Management"
"563","Terry","Moreno","M",34306826,3.75,57,4102,"Masters Business (#32)"
"564","Jonathan","Greene","M",35255727,4.99,35,4067,"Bachelor Arts/Social Science"
"565","Timothy","Barnes","M",31636209,4.96,29,4169,"Graduate Diploma Environmental Management"
"566","Barbara","Palmer","F",36996911,3.08,20,4068,"Bachelor Arts"
"567","Diana","Berry","F",47810201,4.04,30,4069,"Bachelor Science  - St Lucia"
"568","Terry","Kelly","M",35474432,4.11,32,4105,"Masters Engineering Science (#16)"
"569","William","Pierce","M",34286562,3.78,47,4106,"Bachelor Business Management/Arts"
"570","Rebecca","Watson","F",32575066,5.98,56,4068,"Bachelor Mathematics/Science"
"571","Mildred","Morgan","F",30577689,4.18,19,4103,"Bachelor Information Technology/Arts"
"572","Linda","Dean","F",43652196,2.52,38,4068,"Bachelor Mathematics/Arts"
"573","Willie","Mendoza","M",40695361,3.38,24,4067,"Bachelor Arts/Laws"
"574","Willie","Mendoza","M",34380288,3.25,42,4066,"Bachelor Arts/International Hotel and Tourism Management"
"575","Patrick","Stone","M",31822516,3.57,20,4068,"Bachelor Music /Science"
"576","Irene","Scott","F",46643090,4.29,23,4065,"Masters Applied Linguistics (#16)"
"577","Clarence","Wagner","M",40826126,4.94,26,4105,"Graduate Certificate Writing, Editing and Publishing"
"578","Christina","Walker","F",39437493,2.49,27,4102,"Bachelor Communication/Arts"
"579","Barbara","Alvarez","F",42975329,4.09,20,4068,"Bachelor Advanced Humanities"
"580","Russell","Harvey","M",33262167,6.6,32,4065,"Bachelor Science/Journalism"
"581","Amy","Walker","F",34803522,6.37,20,4075,"Bachelor Communication/Arts"
"582","Terry","Alvarez","M",49399572,5.79,32,4065,"Bachelor Mathematics/Arts"
"583","Aaron","Bennett","M",42409008,2.81,20,4103,"Bachelor Arts/Education (Secondary)"
"584","Nicole","Fuller","F",48006359,3.36,48,4066,"Bachelor Arts/Laws"
"585","Gregory","Spencer","",34696733,5.67,34,4169,"Bachelor Business Management/International Hotel and Tourism Management"
"586","Victor","King","M",33138358,5.59,24,4068,"Bachelor Information Technology/Arts"
"587","Jane","Washington","F",38510549,6.54,28,4069,"Bachelor Journalism/Arts"
"588","Harold","Woods","M",30160921,6.42,26,4104,"Masters Clinical Psychology"
"589","Jerry","Tucker","",35547419,4.46,29,4067,"Bachelor Business Management/Science"
"590","Christopher","Marshall","M",43542934,3.65,40,4102,"Bachelor Mathematics/Arts"
"591","Gloria","Nelson","F",33294464,1.76,30,4066,"Bachelor Commerce/Arts"
"592","David","Larson","M",43079910,2.66,32,4102,"Diploma Arts"
"593","Denise","Reynolds","F",30970280,5.42,22,4169,"Bachelor Psychological Science"
"594","Roger","Morrison","M",45455833,5.42,39,4120,"Bachelor Arts/Laws"
"595","Mary","Miller","F",40487888,3.98,24,4105,"Bachelor Arts/Laws"
"596","Ralph","Gilbert","M",44542839,2.6,19,4068,"Bachelor Sustainable Agriculture"
"597","Angela","Sims","F",34292653,5.55,26,4102,"Bachelor Commerce/Arts"
"598","Ashley","Parker","F",43639279,5.62,27,4104,"Bachelor Business Management/International Hotel and Tourism Management"
"599","Scott","Jones","",41184366,5.52,22,4069,"Bachelor Arts/Laws"
"600","Kelly","Ryan","F",31324370,6.99,36,4069,"Bachelor Mathematics/Information Technology"
"601","Barbara","Johnson","",42863556,3.79,24,4067,"Bachelor Agribusiness/Veterinary Technology"
"602","Julia","Allen","F",35015240,5.43,55,4103,"Bachelor Commerce/Science"
"603","Antonio","Johnson","M",47820529,2.88,23,4068,"Bachelor Economics/Arts"
"604","Keith","Sims","M",48328879,5.19,38,4069,"Bachelor Communication/Arts"
"605","Kathy","Fowler","F",39559217,1.58,24,4105,"Bachelor Arts/Laws"
"606","Janice","Burton","F",49634954,5.35,30,4105,"Bachelor Business Management/Arts"
"607","Christina","Carroll","F",40643547,2.31,37,4000,"Bachelor Mathematics/Science"
"608","Ashley","Hall","F",48081746,5.98,25,4069,"Bachelor Music /Science"
"609","David","Larson","M",44532868,3.57,24,4120,"Bachelor Engineering /Science"
"610","Janet","Cunningham","F",40011673,5.25,28,4064,"Bachelor Biotechnology"
"611","Donald","Flores","M",31728214,5.42,28,4169,"Bachelor Arts/International Hotel and Tourism Management"
"612","Edward","Bradley","M",49798385,3.59,44,4169,"Masters Psychology"
"613","Joyce","Lopez","F",38125508,5.42,45,4066,"Bachelor Commerce/Arts"
"614","Gary","Burns","M",46662600,5.32,35,4066,"Bachelor Information Technology/Arts"
"615","Deborah","Wilson","F",45289069,6.43,22,4103,"Bachelor Commerce/Arts"
"616","Jose","Wallace","M",32788527,4.47,21,4066,"Masters Environmental Management (#32)"
"617","Brian","Baker","M",41563755,4.41,40,4067,"Bachelor Music /Arts"
"618","Anthony","Woods","M",32285038,4.55,31,4102,"Bachelor Science/Arts"
"619","Jessica","Weaver","F",43387323,6.15,20,4069,"Bachelor Economics/Arts"
"620","Anne","Boyd","F",43863702,2.29,23,4075,"Masters Business (#24)"
"621","Gerald","Frazier","M",42598680,2.32,34,4067,"Bachelor Arts"
"622","Anthony","Alvarez","M",43625536,5.34,25,4120,"Bachelor Arts/International Hotel and Tourism Management"
"623","Harold","Larson","",46833146,3.71,32,4065,"Bachelor Mathematics/Arts"
"624","Justin","Gilbert","M",33505785,5.82,46,4103,"Bachelor Journalism/Arts"
"625","Maria","Cole","F",45531012,4.55,40,4069,"Graduate Diploma Environmental Management"
"626","Terry","Daniels","M",39899673,6.45,18,4105,"Bachelor Arts/Social Science"
"627","Julia","King","F",48885804,2.41,20,4103,"Bachelor Commerce/Arts"
"628","Thomas","Stevens","",35053860,3.25,38,4064,"Bachelor Engineering /Arts"
"629","Jeremy","Reid","M",31045220,5.62,29,4104,"Bachelor Commerce/Arts"
"630","Albert","Ramirez","M",49507946,3.83,44,4106,"Bachelor Music /Arts"
"631","Mary","Lewis","F",46890303,3.91,38,4169,"Bachelor Economics/Arts"
"632","Janet","Miller","F",39751180,2.34,27,4169,"Bachelor Science/Laws"
"633","David","Shaw","M",49704211,3.86,21,4169,"Masters Financial Mathematics (#32)"
"634","Dennis","Chapman","M",40662175,5.49,26,4064,"Bachelor Engineering /Arts"
"635","Denise","Snyder","F",41559960,4.46,21,4068,"Diploma Arts"
"636","Benjamin","Morrison","M",47980113,5.94,39,4104,"Bachelor Science (St Lucia)"
"637","Carolyn","Boyd","F",37257125,2.77,36,4066,"Bachelor Commerce/Science"
"638","Brandon","Ruiz","M",47438103,3.49,42,4169,"Bachelor Economics/Arts"
"639","Kathy","Adams","F",37700789,6.62,47,4075,"Bachelor Information Technology/Arts"
"640","Norma","Davis","",30809150,5.45,45,4068,"Bachelor Economics/Arts"
"641","Diane","Meyer","F",30034848,2.45,55,4075,"Bachelor Arts/International Hotel and Tourism Management"
"642","Gregory","Garcia","M",39081004,4.91,37,4067,"Bachelor Science (St Lucia)"
"643","Daniel","Watson","M",42765885,4.5,43,4067,"Bachelor Arts/Education (Secondary)"
"644","Sean","Freeman","M",39882075,5.87,43,4120,"Bachelor Arts/International Hotel and Tourism Management"
"645","Pamela","Perkins","F",36911939,1.97,26,4069,"Bachelor Environmental Science"
"646","Marilyn","Kelley","F",34738479,3.68,36,4075,"Bachelor Science/Arts"
"647","Brandon","Green","M",46572009,5.11,58,4101,"Bachelor Science/Education (Secondary)"
"648","Sarah","Mcdonald","F",37251425,5.32,46,4066,"Bachelor Journalism/Arts"
"649","Robin","Dean","F",42803901,5.97,28,4075,"Diploma Arts"
"650","Doris","Daniels","F",36314468,6.48,57,4066,"Bachelor Arts/Laws"
"651","Todd","Andrews","M",30868728,4.72,29,4104,"Bachelor Science/Arts"
"652","Annie","Coleman","F",31603217,4.72,38,4075,"Bachelor Information Technology/Arts"
"653","Patricia","Holmes","F",40200099,4.3,20,4000,"Bachelor Business Management/Science"
"654","Gerald","Allen","M",36773990,6.32,50,4075,"Bachelor Science/Arts"
"655","Joe","Scott","M",31692951,1.1,26,4075,"Diploma Arts"
"656","Anne","Miller","F",34934453,1.84,50,4068,"Bachelor Arts/International Hotel and Tourism Management"
"657","Gregory","Black","M",34245081,2.46,24,4105,"Bachelor Business Management/Laws"
"658","Stephen","Mccoy","M",31938502,6.36,18,4069,"Bachelor Music /Arts"
"659","Howard","Ellis","M",30004963,4.95,26,4105,"Bachelor Engineering /Arts"
"660","Gary","Stewart","M",41488518,6.28,28,4064,"Bachelor Science/Education (Secondary)"
"661","Andrew","Ruiz","M",42605865,4.3,36,4106,"Bachelor Arts/International Hotel and Tourism Management"
"662","George","Payne","M",46615480,5.93,32,4065,"Bachelor Commerce/Arts"
"663","Jesse","Williamson","M",41020618,6.51,29,4103,"Bachelor Education (Primary)"
"664","Nancy","Ramos","F",43701159,5.35,21,4101,"Diploma Arts"
"665","Alan","Bishop","M",41397191,2.46,33,4075,"Bachelor Arts/Laws"
"666","Juan","Hunt","M",47927255,5.93,50,4120,"Bachelor Information Technology/Arts"
"667","Walter","Vasquez","M",37029181,3.27,28,4104,"Bachelor Engineering /Business Management"
"668","Aaron","Hughes","M",49839518,5.62,41,4102,"Bachelor Business Management/Arts"
"669","John","Gilbert","M",37537184,3.19,21,4106,"Bachelor Laws"
"670","Sarah","Roberts","",43530412,6.17,24,4068,"Bachelor Engineering /Science"
"671","Johnny","Mcdonald","M",39827523,2.94,47,4120,"Bachelor Engineering  and Master of Engineering"
"672","Denise","Mitchell","F",49968317,3.5,26,4106,"Bachelor Music /Science"
"673","Denise","Spencer","F",39168638,3.04,22,4065,"Bachelor Engineering /Biotechnology"
"674","Ralph","Collins","M",36177957,4.01,24,4169,"Bachelor Information Technology/Arts"
"675","Doris","Dunn","F",44979054,3.28,52,4104,"Bachelor Engineering /Arts"
"676","Harry","Greene","M",35211310,5.04,29,4068,"Bachelor Mathematics/Arts"
"677","John","Peters","M",48489518,6.27,30,4066,"Diploma Science"
"678","Jason","Wood","M",43351855,2.25,25,4064,"Bachelor Engineering /Arts"
"679","Christina","Lawrence","F",43430247,4.96,40,4101,"Bachelor Science/Laws"
"680","Gary","Reyes","M",45503518,3.89,40,4064,"Diploma Science"
"681","Judy","Chavez","F",41100390,5.84,29,4067,"Masters Peace and Conflict Studies (#16)"
"682","Raymond","Larson","M",39117120,5.91,34,4000,"Bachelor Engineering"
"683","Joan","Lawrence","F",34280621,5.59,50,4075,"Bachelor Science/Arts"
"684","Katherine","Kim","F",44866144,6.45,34,4067,"Bachelor Information Technology/Arts"
"685","Diana","Lynch","F",34825340,6.29,61,4169,"Bachelor Science/Arts"
"686","Peter","Garcia","",39484498,6.86,18,4104,"Bachelor Science (St Lucia)"
"687","Jane","Hayes","F",43479464,6.27,25,4065,"Bachelor Commerce/Economics"
"688","Louise","Nguyen","F",34114938,3.35,34,4064,"Bachelor Arts/Social Science"
"689","Michael","Ward","M",47088913,4.66,42,4065,"Bachelor Engineering /Commerce"
"690","Ryan","Morris","M",40189244,6.59,35,4069,"Bachelor Science/Laws"
"691","Fred","Lee","M",49069107,6.89,48,4120,"Bachelor Advanced Humanities"
"692","Ryan","Hunter","M",34880270,3.63,33,4105,"Bachelor Business Management/Arts"
"693","Keith","Webb","M",46524248,5.87,49,4075,"Bachelor Arts/International Hotel and Tourism Management"
"694","Lillian","Sanchez","F",44478162,6,24,4065,"Masters Biotechnology (#16)"
"695","George","Rogers","M",46250782,5.26,24,4065,"Masters Peace and Conflict Studies (#16)"
"696","Harry","Little","M",36607060,3.31,33,4068,"Bachelor Science/Arts"
"697","Jeffrey","Foster","M",41406307,2.45,28,4075,"Bachelor Arts/International Hotel and Tourism Management"
"698","Ashley","White","F",36141572,4.52,43,4106,"Bachelor Science (St Lucia)"
"699","Diane","Lee","F",37021722,5.51,48,4065,"Bachelor Veterinary Science"
"700","Michelle","Perkins","F",46364601,3.26,37,4066,"Bachelor Economics/Science"
"701","Paula","Harris","F",40380806,5.39,45,4067,"Masters Public Health (#24)"
"702","Jason","Castillo","M",30043457,3.68,36,4068,"Bachelor Arts/Laws"
"703","Arthur","Dean","M",38315823,3.59,30,4106,"Bachelor Arts/Laws"
"704","Donald","Day","M",34743627,4.74,34,4067,"Bachelor Journalism/Arts"
"705","Rose","Rodriguez","F",40545989,1.94,40,4000,"Bachelor Commerce/Economics"
"706","Ryan","Turner","M",37931311,3.81,39,4068,"Bachelor Journalism/Arts"
"707","James","Chapman","M",47160024,2.44,36,4106,"Bachelor Arts/International Hotel and Tourism Management"
"708","Peter","Carr","M",48121899,3.44,28,4103,"Bachelor Arts/Laws"
"709","Keith","Hernandez","M",37039925,3.14,34,4105,"Bachelor Advanced Humanities"
"710","Wanda","Garcia","F",47837964,4.27,31,4169,"Bachelor Engineering /Arts"
"711","Amy","Riley","F",46761209,4.78,30,4101,"Bachelor Engineering /Economics"
"712","George","Johnson","M",35215458,5.78,19,4101,"Bachelor Arts/Social Science"
"713","Cheryl","Peters","F",32231999,6.66,27,4068,"Bachelor Arts/Social Science"
"714","Johnny","Palmer","M",41204382,6.11,42,4064,"Bachelor Mathematics/Arts"
"715","Judith","White","F",37380235,5.33,33,4065,"Diploma Arts"
"716","Laura","Banks","",42243120,3.96,43,4169,"Bachelor Science/Laws"
"717","Todd","Harvey","M",46840703,5.53,35,4066,"Bachelor Engineering /Arts"
"718","Carolyn","Perez","F",48324617,3.6,40,4106,"Bachelor Arts/International Hotel and Tourism Management"
"719","Julia","Perkins","F",48514671,5.98,25,4169,"Bachelor Economics/Science"
"720","Angela","Daniels","F",33915861,5.5,19,4120,"Bachelor Economics/Science"
"721","Robert","Tucker","M",49184990,5.27,51,4106,"Bachelor Arts/Social Science"
"722","Jeffrey","Hicks","M",34205650,5.5,34,4106,"Bachelor Music /Science"
"723","Helen","Mcdonald","F",47518014,3.9,20,4000,"Bachelor Engineering /Arts"
"724","Katherine","Tucker","F",44921135,3.76,54,4102,"Bachelor Mathematics/Education (Secondary)"
"725","Gerald","Jacobs","M",45153832,5.7,55,4075,"Bachelor Arts/International Hotel and Tourism Management"
"726","Robert","Lane","M",45022496,5.62,55,4067,"Bachelor Engineering /Mathematics"
"727","Earl","Marshall","M",30247429,1.89,31,4075,"Diploma Languages"
"728","Albert","Harrison","M",35200212,3.61,38,4000,"Masters Engineering Science (#16)"
"729","Joyce","Garza","",42617982,2.92,18,4067,"Bachelor Science/Arts"
"730","Ernest","Armstrong","M",42819768,3.18,39,4104,"Graduate Certificate Clinical Pharmacy"
"731","Julie","Medina","F",41685442,6.3,35,4066,"Bachelor Economics/Arts"
"732","Elizabeth","Andrews","F",31343809,5.45,52,4075,"Bachelor International Studies"
"733","Alan","Howell","M",48115048,5.84,29,4000,"Bachelor Arts"
"734","Bruce","Kennedy","M",38516960,6.91,31,4101,"Bachelor Information Technology/Arts"
"735","Karen","Cunningham","F",33042983,6.92,33,4105,"Bachelor Economics/Arts"
"736","Louis","Black","M",34700243,6.2,36,4104,"Bachelor Communication/Arts"
"737","Shirley","Coleman","F",47141520,1.56,22,4068,"Bachelor Commerce/Arts"
"738","Henry","Burns","M",38547615,5.83,25,4075,"Bachelor Commerce/Arts"
"739","Edward","Cruz","M",39167533,4.45,18,4104,"Bachelor Science/Arts"
"740","Anna","Baker","F",37817618,5.63,39,4102,"Bachelor Information Technology/Arts"
"741","Ann","Roberts","F",42216598,4.8,41,4103,"Bachelor Information Technology/Arts"
"742","Joyce","Rogers","F",42737636,1.32,31,4064,"Bachelor Arts/Social Science"
"743","Robert","Hughes","M",47434469,2.72,26,4101,"Bachelor Commerce/Arts"
"744","Judy","Morris","",46147973,4.52,30,4106,"Bachelor Music /Arts"
"745","Teresa","Crawford","F",41011064,5.16,32,4105,"Bachelor Music /Arts"
"746","Frank","Hart","M",31419721,4.03,50,4106,"Bachelor Engineering /Mathematics"
"747","Michael","Hanson","M",44508777,4.01,36,4069,"Bachelor Arts/Social Science"
"748","Rachel","Gardner","F",38292274,4.94,26,4169,"Diploma Arts"
"749","Mildred","Brooks","F",44222226,6.24,40,4102,"Bachelor Arts/Laws"
"750","Carolyn","Fowler","F",35449558,3.28,31,4106,"Bachelor Commerce/Arts"
"751","Carlos","Castillo","M",43651351,3.78,31,4000,"Bachelor Commerce/Arts"
"752","Julia","Kelly","F",33933655,5.1,41,4000,"Bachelor Journalism/Arts"
"753","Alice","Adams","F",36277147,5.72,58,4069,"Bachelor Business Management/Science"
"754","Philip","Morris","M",38092219,5.3,22,4075,"Bachelor Arts/International Hotel and Tourism Management"
"755","Julia","Walker","F",38324828,6.71,43,4102,"Bachelor Arts/Laws"
"756","Paul","Porter","M",41025931,4.17,18,4068,"Masters Engineering"
"757","Paula","Perez","F",41218416,4.76,23,4000,"Bachelor Communication/Arts"
"758","Shawn","Fields","M",48029609,5.71,23,4169,"Bachelor Business Management/Arts"
"759","Pamela","Scott","F",32712894,3.36,43,4068,"Bachelor Mathematics/Business Management"
"760","Alan","Hunt","M",41260944,5.45,18,4069,"Diploma Arts"
"761","Andrew","Reyes","M",32580456,6.49,29,4169,"Bachelor Engineering /Commerce"
"762","Christina","Morrison","F",32825756,6.89,27,4075,"Bachelor Science (St Lucia)"
"763","Albert","Snyder","M",31962306,3.76,26,4064,"Diploma Languages"
"764","Thomas","Williams","M",48984726,3.51,19,4104,"Bachelor Arts/Laws"
"765","Joshua","Bell","M",35860540,2.64,30,4103,"Bachelor Mathematics/Science"
"766","Carol","Perkins","F",33229392,6.28,28,4075,"Bachelor Arts/International Hotel and Tourism Management"
"767","Ralph","Schmidt","M",47887585,4.8,40,4102,"Bachelor Science/Arts"
"768","Phillip","Gutierrez","M",47696300,4.91,23,4065,"Bachelor Science  - St Lucia"
"769","Daniel","Murray","M",41331211,5.08,39,4101,"Bachelor Arts/Laws"
"770","Rebecca","Brooks","F",42305120,1.51,52,4069,"Masters International Commercial Law"
"771","Stephanie","Ramirez","F",46001607,3.6,18,4069,"Bachelor Business Management/Science"
"772","Terry","Reed","M",42376431,2.52,33,4000,"Bachelor Biomedical Science/Science"
"773","Billy","Jacobs","",39386503,3.23,48,4065,"Diploma Arts"
"774","Betty","Sullivan","F",37939022,2.94,50,4120,"Bachelor Science/Arts"
"775","Donna","Crawford","F",49924772,6.71,34,4105,"Bachelor Arts"
"776","Sharon","Ramirez","F",40766023,2.54,19,4068,"Bachelor Music /Arts"
"777","Jesse","Weaver","M",37409309,2.47,28,4075,"Bachelor Arts/International Hotel and Tourism Management"
"778","Raymond","Ramos","M",38479787,5.02,22,4120,"Graduate Certificate Business Administration"
"779","Larry","Rodriguez","M",32852785,4.21,18,4065,"Bachelor Information Technology/Arts"
"780","Lisa","Rivera","F",31587128,2.2,22,4068,"Graduate Certificate Geographic Information Science"
"781","Stephanie","Torres","F",46823869,1.2,52,4068,"Bachelor Commerce/Arts"
"782","Mary","Brown","F",42759893,4.44,41,4075,"Bachelor Biotechnology"
"783","Frances","Foster","F",42636916,2.2,49,4068,"Bachelor Music /Arts"
"784","Steven","Austin","M",38225860,5.33,23,4102,"Bachelor Science/Journalism"
"785","Roy","Boyd","M",35940868,6.26,18,4106,"Bachelor Information Technology/Arts"
"786","Melissa","Crawford","F",34903506,2.79,54,4103,"Bachelor Advanced Humanities"
"787","Wanda","Cruz","F",41126498,6.54,23,4068,"Diploma Languages"
"788","Michelle","Carroll","F",31599099,5.02,33,4102,"Bachelor Information Technology/Arts"
"789","Douglas","Hill","M",36808873,3.78,27,4101,"Bachelor Engineering /Information Technology"
"790","Doris","Bailey","F",32017371,3.32,24,4103,"Masters Financial Mathematics (#24)"
"791","Louise","Fisher","F",41057051,4.49,18,4101,"Bachelor Journalism/Arts"
"792","Shirley","Snyder","F",30376517,6.85,26,4101,"Bachelor Engineering /Science"
"793","Lois","Sullivan","F",32965487,2.36,21,4066,"Bachelor Engineering /Economics"
"794","Pamela","Phillips","F",46164985,4.15,31,4101,"Graduate Certificate Peace and Conflict Studies"
"795","Mary","Lewis","F",37877863,3.58,24,4120,"Bachelor Commerce"
"796","Clarence","Stone","M",47696012,6.7,31,4102,"Bachelor Commerce/Arts"
"797","Gloria","Fields","F",41135695,6.17,25,4120,"Bachelor Communication/Arts"
"798","Marie","Chapman","F",36841769,2.41,19,4102,"Graduate Diploma Museum Studies"
"799","Harold","Mendoza","",43609969,6.27,22,4169,"Bachelor Communication/Arts"
"800","Daniel","Mason","M",30895744,6.82,29,4065,"Bachelor Science/Arts"
"801","Joyce","Montgomery","F",31790582,3.62,48,4120,"Bachelor Business Management/Arts"
"802","Elizabeth","Black","F",40107437,3.88,29,4106,"Bachelor Engineering"
"803","Ann","Peters","F",30428684,4.41,42,4105,"Bachelor Mathematics/Science"
"804","Richard","Hill","M",34708037,4.65,26,4120,"Bachelor Commerce /Information Technology"
"805","Douglas","Thompson","M",49701534,3.61,20,4102,"Bachelor Music /Arts"
"806","Christina","Fields","F",40975398,5.91,36,4067,"Bachelor Engineering  and Master of Engineering"
"807","Kathleen","Armstrong","F",30279646,5.45,19,4106,"Bachelor Science/Education (Secondary)"
"808","Wayne","Fowler","M",37627564,6.13,37,4101,"Bachelor Music /Arts"
"809","Barbara","Bailey","F",49272741,4.36,31,4102,"Bachelor Education (Primary)"
"810","George","Thompson","M",41421549,1.58,20,4106,"Bachelor Commerce/Arts"
"811","Carl","Black","M",36322101,5.35,39,4066,"Bachelor Business Management/Arts"
"812","Ronald","Rivera","M",31585251,4.81,29,4105,"Bachelor Advanced Science"
"813","Arthur","Fox","M",34809896,4.83,19,4103,"Bachelor Science (St Lucia)"
"814","Arthur","Montgomery","M",30932468,2.4,49,4105,"Bachelor Science/Laws"
"815","Lori","Day","F",41059636,6.69,33,4104,"Bachelor Arts/Social Science"
"816","Henry","George","M",48432671,6.38,33,4065,"Bachelor Science  - St Lucia"
"817","Randy","Nguyen","M",39204451,4.16,33,4103,"Bachelor International Studies"
"818","Kenneth","Nguyen","",33927019,1.71,25,4106,"Bachelor Biomedical Science/Science"
"819","Louise","Adams","F",41638570,5.68,41,4101,"Bachelor Business Management/Arts"
"820","Heather","Boyd","F",39003607,6.44,23,4067,"Bachelor Arts/International Hotel and Tourism Management"
"821","Sharon","Mccoy","F",42570443,3.86,32,4169,"Bachelor Engineering"
"822","Andrew","Martinez","M",37155631,2.05,26,4105,"Bachelor Biotechnology"
"823","Juan","Kelley","M",43907119,3.44,23,4104,"Bachelor Business Management/Communication"
"824","Norma","Hunt","F",36343709,5.63,26,4075,"Bachelor Economics/Arts"
"825","Melissa","Fields","F",45458251,3.58,29,4120,"Bachelor Business Management/Science"
"826","Joseph","Dunn","M",30980068,2.38,50,4069,"Bachelor Commerce/Arts"
"827","Chris","Larson","",41865084,6.22,34,4067,"Bachelor Business Management/Science"
"828","Jason","Ford","",46675633,6.8,29,4067,"Bachelor Engineering /Science"
"829","Barbara","Dunn","",44419142,6.13,29,4106,"Bachelor Arts/Social Science"
"830","Katherine","Williams","F",30738941,3.88,20,4000,"Bachelor Economics/Arts"
"831","Douglas","Knight","",34844202,6.59,42,4069,"Bachelor Arts/Social Science"
"832","Gloria","Adams","F",34565264,6.21,37,4104,"Graduate Diploma Mineral Resources"
"833","Deborah","Rose","F",41438362,5.23,38,4120,"Bachelor Engineering /Arts"
"834","Mildred","Palmer","F",36229016,4.47,18,4104,"Bachelor Communication/Arts"
"835","Shawn","Franklin","M",43239516,6,45,4101,"Bachelor Commerce/Arts"
"836","Bobby","Phillips","M",30788978,3.85,33,4169,"Diploma Languages"
"837","Linda","Adams","F",39900751,6.39,38,4106,"Bachelor Engineering /Business Management"
"838","Robert","Burton","M",47194064,5.22,29,4103,"Bachelor Information Technology/Arts"
"839","Marie","Chavez","F",35356780,6.21,34,4075,"Bachelor Economics/Science"
"840","Stephen","Gibson","",44669031,4.31,39,4102,"Bachelor Mathematics/Arts"
"841","William","Chavez","M",35831224,5.24,43,4102,"Bachelor Science/Education (Secondary)"
"842","Anne","Ruiz","F",38513502,5.56,29,4075,"Bachelor Economics/Science"
"843","Janice","Snyder","F",36011364,4.35,34,4106,"Bachelor Arts/Laws"
"844","Frances","Hanson","F",49581177,5.76,19,4104,"Bachelor Commerce/Arts"
"845","Gary","Gibson","M",41820592,5.95,26,4120,"Bachelor Information Technology/Arts"
"846","Patricia","Ferguson","F",42173301,3.1,19,4064,"Bachelor Journalism/Arts"
"847","Stephanie","Dunn","F",39634400,5.34,22,4065,"Bachelor Business Management/Arts"
"848","Gregory","Marshall","M",47250418,3.98,32,4104,"Bachelor Economics/Arts"
"849","Christina","Black","F",34755860,5.29,47,4101,"Bachelor Engineering /Arts"
"850","Lori","Rivera","F",45982881,5.5,23,4101,"Masters Heritage Management (#24)"
"851","Stephen","Ross","M",41724102,2.15,27,4106,"Bachelor Communication/Arts"
"852","Anna","Burton","F",35822087,2.57,18,4105,"Bachelor Engineering /Business Management"
"853","Robin","James","F",46589347,5.48,23,4120,"Bachelor Information Technology/Arts"
"854","Laura","Murray","F",41378457,4.76,38,4102,"Bachelor Midwifery"
"855","Eugene","Brooks","M",39314545,3.77,43,4101,"Bachelor Arts/Laws"
"856","Linda","Spencer","F",49423870,4.69,21,4064,"Bachelor Engineering /Arts"
"857","Martha","Fields","F",43221063,4.56,18,4120,"Bachelor Information Technology/Arts"
"858","Deborah","Wheeler","F",37084567,6.18,21,4075,"Bachelor Economics/Arts"
"859","Patrick","Elliott","M",35138774,2.72,54,4104,"Bachelor Mathematics/Science"
"860","Teresa","Payne","F",43226222,3.89,19,4105,"Bachelor Arts/International Hotel and Tourism Management"
"861","Rachel","Greene","F",42285940,4.02,23,4068,"Bachelor Arts/Laws"
"862","Nicole","Flores","F",38393435,5.44,34,4066,"Bachelor Biotechnology"
"863","Barbara","Ortiz","F",36557708,5.93,39,4169,"Bachelor Business Management/Economics"
"864","Amy","Burton","F",40102548,4.39,20,4069,"Bachelor Mathematics/Arts"
"865","Kathy","Anderson","F",35405610,5.89,28,4069,"Bachelor Communication/Arts"
"866","Joe","Bailey","M",35720853,3.84,20,4066,"Bachelor Communication/Arts"
"867","Jack","Ortiz","M",42107742,6.81,32,4075,"Bachelor Journalism/Arts"
"868","Phillip","Rodriguez","M",43762896,2.73,41,4102,"Bachelor Arts/International Hotel and Tourism Management"
"869","Amy","Collins","F",40899349,5.11,38,4069,"Bachelor Engineering /Economics"
"870","Michael","Little","M",31203646,6.76,37,4106,"Bachelor Business Management/Arts"
"871","Juan","Phillips","M",44372690,3.01,36,4069,"Diploma Arts"
"872","Dennis","Ford","M",32797509,5.89,20,4103,"Bachelor Science  - St Lucia"
"873","Bonnie","Gutierrez","F",37277566,6.86,23,4065,"Bachelor Science  - St Lucia"
"874","Walter","Warren","M",44845255,3.73,49,4064,"Bachelor Business Management/Arts"
"875","Jerry","Black","M",48809324,5.19,42,4065,"Bachelor Engineering /Commerce"
"876","Albert","Hernandez","M",38267482,5.39,28,4000,"Bachelor Arts/International Hotel and Tourism Management"
"877","Steve","Ward","M",41661707,2.18,18,4000,"Bachelor Arts/Social Science"
"878","Rebecca","Howell","F",43119722,5.29,20,4066,"Bachelor Engineering /Economics"
"879","Alice","Moore","F",45557675,1.38,50,4065,"Bachelor Biomedical Science/Science"
"880","Carol","Reynolds","F",38491831,6.5,38,4065,"Bachelor Arts"
"881","Jennifer","Wheeler","",38415188,6.13,47,4065,"Diploma Arts"
"882","Ruth","Gibson","F",42281559,5.28,24,4066,"Bachelor Music /Arts"
"883","Christine","Rogers","F",31819324,3.88,30,4103,"Bachelor Economics/Arts"
"884","Debra","Miller","F",31849036,3.99,23,4101,"Bachelor Journalism/Arts"
"885","Marilyn","Dean","F",49262030,5.93,24,4064,"Bachelor Commerce/Arts"
"886","Norma","Wilson","F",32085134,2.58,27,4106,"Bachelor Mathematics/Arts"
"887","Amanda","Martin","F",31681051,6.71,48,4075,"Bachelor Communication/Arts"
"888","Cynthia","Berry","F",42325212,6.39,32,4000,"Bachelor Economics/Science"
"889","Ernest","Larson","M",48370693,5.33,28,4075,"Bachelor Biotechnology"
"890","Deborah","Burton","",43213745,6.71,27,4069,"Bachelor Arts/Social Science"
"891","Laura","Collins","F",36073680,6.03,55,4101,"Bachelor Biomedical Science/Science"
"892","Rebecca","Nichols","",45378205,4.12,28,4105,"Bachelor Science (St Lucia)"
"893","Tina","Burke","F",34623469,6.47,24,4101,"Bachelor Information Technology"
"894","Victor","Allen","M",33067590,1.43,20,4103,"Bachelor Science/Journalism"
"895","Annie","Collins","F",32497534,5.45,24,4101,"Bachelor Advanced Humanities"
"896","Norma","Castillo","F",30990967,4.8,52,4169,"Bachelor Information Technology/Arts"
"897","Andrea","Kelly","F",32196624,2.68,36,4064,"Bachelor Business Management/Arts"
"898","Larry","Daniels","M",39985152,3.46,39,4120,"Bachelor Engineering /Science"
